Recyclables,City,Volume(kg),Volume1,Volume1,Volume2
Paper,Hong Kong,91.5,1.961421094,4.516338972,0.509834427
Paper,Hong Kong,85,1.929418926,4.442651256,0.518290759
Paper,Hong Kong,120,2.079181246,4.787491743,0.480958551
Paper,Hong Kong,27.5,1.439332694,3.314186005,0.694766404
Paper,Hong Kong,93.5,1.970811611,4.537961436,0.50740517
Paper,Hong Kong,124.5,2.095169351,4.824305716,0.477288387
Paper,Hong Kong,65.5,1.8162413,4.182050143,0.550587634
Paper,Hong Kong,88.5,1.946943271,4.483002552,0.513625648
Paper,Hong Kong,26,1.414973348,3.258096538,0.706727092
Paper,Hong Kong,43.5,1.638489257,3.772760938,0.610318314
Paper,Hong Kong,83.5,1.921686475,4.424846632,0.520376249
Paper,Hong Kong,136.5,2.135132651,4.916324615,0.468354975
Paper,Hong Kong,9,0.954242509,2.197224577,1.047951637
Paper,Hong Kong,161.5,2.208172527,5.084505143,0.452863165
Paper,Hong Kong,176.5,2.24674471,5.173320876,0.445088396
Paper,Hong Kong,70.5,1.848189117,4.25561271,0.54107017
Paper,Hong Kong,170.5,2.231724383,5.138735297,0.448084005
Paper,Hong Kong,61,1.785329835,4.110873864,0.56012059
Paper,Hong Kong,39.5,1.596597096,3.676300672,0.626332093
Paper,Hong Kong,134,2.127104798,4.8978398,0.470122582
Paper,Hong Kong,53.5,1.728353782,3.979681654,0.578585247
Paper,Hong Kong,166.5,2.221414238,5.114995309,0.450163676
Paper,Hong Kong,5,0.698970004,1.609437912,1.430676558
Paper,Hong Kong,30.5,1.484299839,3.417726684,0.673718324
Paper,Hong Kong,48,1.681241237,3.871201011,0.594798639
Paper,Hong Kong,48,1.681241237,3.871201011,0.594798639
Paper,Hong Kong,34,1.531478917,3.526360525,0.652963608
Paper,Hong Kong,34.5,1.537819095,3.540959324,0.650271546
Paper,Hong Kong,32,1.505149978,3.465735903,0.664385619
Paper,Hong Kong,28,1.447158031,3.33220451,0.691009536
Paper,Hong Kong,45,1.653212514,3.80666249,0.604882912
Paper,Hong Kong,6,0.77815125,1.791759469,1.285097209
Paper,Hong Kong,19,1.278753601,2.944438979,0.782011483
Paper,Hong Kong,18,1.255272505,2.890371758,0.79663977
Paper,Hong Kong,23,1.361727836,3.135494216,0.734361136
Paper,Hong Kong,49,1.69019608,3.891820298,0.591647331
Paper,Hong Kong,16,1.204119983,2.772588722,0.830482024
Paper,Hong Kong,2,0.301029996,0.693147181,3.321928095
Paper,Hong Kong,32,1.505149978,3.465735903,0.664385619
Paper,Hong Kong,14,1.146128036,2.63905733,0.87250287
Paper,Hong Kong,37,1.568201724,3.610917913,0.637673065
Paper,Hong Kong,18,1.255272505,2.890371758,0.79663977
Paper,Hong Kong,18,1.255272505,2.890371758,0.79663977
Paper,Hong Kong,11,1.041392685,2.397895273,0.960252568
Paper,Hong Kong,7,0.84509804,1.945910149,1.183294662
Paper,Hong Kong,49,1.69019608,3.891820298,0.591647331
Paper,Hong Kong,7,0.84509804,1.945910149,1.183294662
Paper,Hong Kong,7,0.84509804,1.945910149,1.183294662
Paper,Hong Kong,21,1.322219295,3.044522438,0.756304196
Paper,Hong Kong,4,0.602059991,1.386294361,1.660964047
Paper,Hong Kong,53,1.72427587,3.970291914,0.579953601
Paper,Hong Kong,14,1.146128036,2.63905733,0.87250287
Paper,Hong Kong,34,1.531478917,3.526360525,0.652963608
Paper,Hong Kong,22,1.342422681,3.091042453,0.74492186
Paper,Hong Kong,6,0.77815125,1.791759469,1.285097209
Paper,Hong Kong,4,0.602059991,1.386294361,1.660964047
Paper,Hong Kong,21,1.322219295,3.044522438,0.756304196
Paper,Hong Kong,18.6,1.269512944,2.923161581,0.787703666
Paper,Hong Kong,70,1.84509804,4.248495242,0.54197662
Paper,Hong Kong,22.6,1.354108439,3.117949906,0.738493293
Paper,Hong Kong,3.6,0.556302501,1.280933845,1.797583147
Paper,Hong Kong,33,1.51851394,3.496507561,0.658538571
Paper,Hong Kong,8,0.903089987,2.079441542,1.107309365
Paper,Hong Kong,10,1,2.302585093,1
Paper,Hong Kong,32,1.505149978,3.465735903,0.664385619
Paper,Hong Kong,14.4,1.158362492,2.667228207,0.863287621
Paper,Hong Kong,12,1.079181246,2.48490665,0.926628408
Paper,Hong Kong,32,1.505149978,3.465735903,0.664385619
Paper,Hong Kong,45.4,1.657055853,3.815512105,0.60347996
Paper,Hong Kong,4.2,0.62324929,1.435084525,1.604494406
Paper,Hong Kong,12.4,1.093421685,2.517696473,0.914560241
Paper,Hong Kong,59,1.770852012,4.077537444,0.564699926
Paper,Hong Kong,51.4,1.710963119,3.939638172,0.584466134
Paper,Hong Kong,49,1.69019608,3.891820298,0.591647331
Paper,Hong Kong,8,0.903089987,2.079441542,1.107309365
Paper,Hong Kong,80,1.903089987,4.382026635,0.525461227
Paper,Hong Kong,39,1.591064607,3.663561646,0.62850999
Paper,Hong Kong,3.4,0.531478917,1.223775432,1.88154218
Paper,Hong Kong,6.6,0.819543936,1.887069649,1.220190836
Paper,Hong Kong,4.4,0.643452676,1.481604541,1.554115845
Paper,Hong Kong,56,1.748188027,4.025351691,0.572020849
Paper,Hong Kong,61,1.785329835,4.110873864,0.56012059
Paper,Hong Kong,6,0.77815125,1.791759469,1.285097209
Paper,Hong Kong,37,1.568201724,3.610917913,0.637673065
Paper,Hong Kong,8,0.903089987,2.079441542,1.107309365
Paper,Hong Kong,51,1.707570176,3.931825633,0.585627469
Paper,Hong Kong,11.8,1.071882007,2.468099531,0.932938507
Paper,Hong Kong,7,0.84509804,1.945910149,1.183294662
Paper,Hong Kong,97,1.986771734,4.574710979,0.503329085
Paper,Hong Kong,149,2.173186268,5.003946306,0.460153837
Paper,Hong Kong,6,0.77815125,1.791759469,1.285097209
Paper,Hong Kong,27,1.431363764,3.295836866,0.698634425
Paper,Hong Kong,128,2.10720997,4.852030264,0.474561156
Paper,Hong Kong,7.5,0.875061263,2.014903021,1.142777131
Paper,Hong Kong,44,1.643452676,3.784189634,0.608475081
Paper,Hong Kong,23,1.361727836,3.135494216,0.734361136
Paper,Hong Kong,111,2.045322979,4.709530201,0.488920337
Paper,Hong Kong,90,1.954242509,4.49980967,0.511707219
Paper,Hong Kong,5,0.698970004,1.609437912,1.430676558
Paper,Hong Kong,25,1.397940009,3.218875825,0.715338279
Paper,Hong Kong,20,1.301029996,2.995732274,0.768621787
Paper,Hong Kong,10,1,2.302585093,1
Paper,Hong Kong,43,1.633468456,3.761200116,0.612194252
Paper,Hong Kong,6,0.77815125,1.791759469,1.285097209
Paper,Hong Kong,19,1.278753601,2.944438979,0.782011483
Paper,Hong Kong,70,1.84509804,4.248495242,0.54197662
Paper,Hong Kong,15,1.176091259,2.708050201,0.850274154
Paper,Hong Kong,9,0.954242509,2.197224577,1.047951637
Paper,Hong Kong,147,2.167317335,4.990432587,0.461399899
Paper,Hong Kong,15,1.176091259,2.708050201,0.850274154
Paper,Hong Kong,8,0.903089987,2.079441542,1.107309365
Paper,Hong Kong,12,1.079181246,2.48490665,0.926628408
Paper,Hong Kong,10.5,1.021189299,2.351375257,0.979250371
Paper,Hong Kong,14,1.146128036,2.63905733,0.87250287
Paper,Hong Kong,4,0.602059991,1.386294361,1.660964047
Paper,Hong Kong,26,1.414973348,3.258096538,0.706727092
Paper,Hong Kong,23,1.361727836,3.135494216,0.734361136
Paper,Hong Kong,9,0.954242509,2.197224577,1.047951637
Paper,Hong Kong,24,1.380211242,3.17805383,0.724526775
Paper,Hong Kong,8,0.903089987,2.079441542,1.107309365
Paper,Hong Kong,18,1.255272505,2.890371758,0.79663977
Paper,Hong Kong,48,1.681241237,3.871201011,0.594798639
Paper,Hong Kong,35,1.544068044,3.555348061,0.647639852
Paper,Hong Kong,72,1.857332496,4.276666119,0.53840656
Paper,Hong Kong,16,1.204119983,2.772588722,0.830482024
Paper,Hong Kong,32,1.505149978,3.465735903,0.664385619
Paper,Hong Kong,6,0.77815125,1.791759469,1.285097209
Paper,Hong Kong,5,0.698970004,1.609437912,1.430676558
Paper,Hong Kong,6.5,0.812913357,1.871802177,1.230143399
Paper,Hong Kong,5,0.698970004,1.609437912,1.430676558
Paper,Hong Kong,1,0,0,0
Paper,Hong Kong,50,1.698970004,3.912023005,0.58859191
Paper,Hong Kong,7,0.84509804,1.945910149,1.183294662
Paper,Hong Kong,30,1.477121255,3.401197382,0.676992493
Paper,Hong Kong,105,2.021189299,4.65396035,0.49475821
Paper,Hong Kong,10,1,2.302585093,1
Paper,Hong Kong,12,1.079181246,2.48490665,0.926628408
Paper,Hong Kong,8,0.903089987,2.079441542,1.107309365
Paper,Hong Kong,4,0.602059991,1.386294361,1.660964047
Paper,Hong Kong,5,0.698970004,1.609437912,1.430676558
Paper,Hong Kong,84,1.924279286,4.430816799,0.519675084
Paper,Hong Kong,32,1.505149978,3.465735903,0.664385619
Paper,Hong Kong,84,1.924279286,4.430816799,0.519675084
Paper,Hong Kong,25,1.397940009,3.218875825,0.715338279
Paper,Hong Kong,16,1.204119983,2.772588722,0.830482024
Paper,Hong Kong,17,1.230448921,2.833213344,0.812711509
Paper,Hong Kong,64,1.806179974,4.158883083,0.553654682
Paper,Hong Kong,14,1.146128036,2.63905733,0.87250287
Paper,Hong Kong,87,1.939519253,4.465908119,0.515591685
Paper,Hong Kong,11,1.041392685,2.397895273,0.960252568
Paper,Hong Kong,35,1.544068044,3.555348061,0.647639852
Paper,Hong Kong,5,0.698970004,1.609437912,1.430676558
Paper,Hong Kong,106,2.025305865,4.663439094,0.493752582
Paper,Hong Kong,8,0.903089987,2.079441542,1.107309365
Paper,Hong Kong,52,1.716003344,3.951243719,0.582749447
Paper,Hong Kong,6,0.77815125,1.791759469,1.285097209
Paper,Hong Kong,21,1.322219295,3.044522438,0.756304196
Paper,Hong Kong,10,1,2.302585093,1
Paper,Hong Kong,6,0.77815125,1.791759469,1.285097209
Paper,Hong Kong,10,1,2.302585093,1
Paper,Hong Kong,7,0.84509804,1.945910149,1.183294662
Paper,Hong Kong,21,1.322219295,3.044522438,0.756304196
Paper,Hong Kong,25,1.397940009,3.218875825,0.715338279
Paper,Hong Kong,5,0.698970004,1.609437912,1.430676558
Paper,Hong Kong,21,1.322219295,3.044522438,0.756304196
Paper,Hong Kong,12,1.079181246,2.48490665,0.926628408
Paper,Hong Kong,13,1.113943352,2.564949357,0.897711718
Paper,Hong Kong,84,1.924279286,4.430816799,0.519675084
Paper,Hong Kong,147,2.167317335,4.990432587,0.461399899
Paper,Hong Kong,188,2.274157849,5.236441963,0.439723215
Paper,Hong Kong,4,0.602059991,1.386294361,1.660964047
Paper,Hong Kong,3,0.477121255,1.098612289,2.095903274
Paper,Hong Kong,10,1,2.302585093,1
Paper,Hong Kong,25,1.397940009,3.218875825,0.715338279
Paper,Hong Kong,26,1.414973348,3.258096538,0.706727092
Paper,Hong Kong,26,1.414973348,3.258096538,0.706727092
Paper,Hong Kong,19,1.278753601,2.944438979,0.782011483
Paper,Hong Kong,84,1.924279286,4.430816799,0.519675084
Paper,Hong Kong,5,0.698970004,1.609437912,1.430676558
Paper,Hong Kong,15,1.176091259,2.708050201,0.850274154
Paper,Hong Kong,6,0.77815125,1.791759469,1.285097209
Paper,Hong Kong,6,0.77815125,1.791759469,1.285097209
Paper,Hong Kong,6,0.77815125,1.791759469,1.285097209
Paper,Hong Kong,8,0.903089987,2.079441542,1.107309365
Paper,Hong Kong,5,0.698970004,1.609437912,1.430676558
Paper,Hong Kong,8,0.903089987,2.079441542,1.107309365
Paper,Hong Kong,91,1.959041392,4.510859507,0.510453737
Paper,Hong Kong,19,1.278753601,2.944438979,0.782011483
Paper,Hong Kong,30,1.477121255,3.401197382,0.676992493
Paper,Hong Kong,53,1.72427587,3.970291914,0.579953601
Paper,Hong Kong,10,1,2.302585093,1
Paper,Hong Kong,22,1.342422681,3.091042453,0.74492186
Paper,Hong Kong,56,1.748188027,4.025351691,0.572020849
Paper,Hong Kong,25,1.397940009,3.218875825,0.715338279
Paper,Hong Kong,4,0.602059991,1.386294361,1.660964047
Paper,Hong Kong,14,1.146128036,2.63905733,0.87250287
Paper,Hong Kong,7,0.84509804,1.945910149,1.183294662
Paper,Hong Kong,6,0.77815125,1.791759469,1.285097209
Paper,Hong Kong,27,1.431363764,3.295836866,0.698634425
Paper,Hong Kong,29,1.462397998,3.36729583,0.683808376
Paper,Hong Kong,44,1.643452676,3.784189634,0.608475081
Paper,Hong Kong,33,1.51851394,3.496507561,0.658538571
Paper,Hong Kong,41,1.612783857,3.713572067,0.620045889
Paper,Hong Kong,97,1.986771734,4.574710979,0.503329085
Paper,Hong Kong,30,1.477121255,3.401197382,0.676992493
Paper,Hong Kong,23,1.361727836,3.135494216,0.734361136
Paper,Hong Kong,88,1.944482672,4.477336814,0.514275604
Paper,Hong Kong,112,2.049218023,4.718498871,0.487991023
Paper,Hong Kong,8,0.903089987,2.079441542,1.107309365
Paper,Hong Kong,31,1.491361694,3.433987204,0.670528152
Paper,Hong Kong,30,1.477121255,3.401197382,0.676992493
Paper,Hong Kong,38,1.579783597,3.63758616,0.63299809
Paper,Hong Kong,27,1.431363764,3.295836866,0.698634425
Paper,Hong Kong,29,1.462397998,3.36729583,0.683808376
Paper,Hong Kong,55,1.740362689,4.007333185,0.574592874
Paper,Hong Kong,9,0.954242509,2.197224577,1.047951637
Paper,Hong Kong,44,1.643452676,3.784189634,0.608475081
Paper,Hong Kong,34,1.531478917,3.526360525,0.652963608
Paper,Hong Kong,6,0.77815125,1.791759469,1.285097209
Paper,Hong Kong,30.2,1.480006943,3.407841924,0.675672506
Paper,Hong Kong,15,1.176091259,2.708050201,0.850274154
Paper,Hong Kong,15,1.176091259,2.708050201,0.850274154
Paper,Hong Kong,25,1.397940009,3.218875825,0.715338279
Paper,Hong Kong,29,1.462397998,3.36729583,0.683808376
Paper,Hong Kong,6,0.77815125,1.791759469,1.285097209
Paper,Hong Kong,45,1.653212514,3.80666249,0.604882912
Paper,Hong Kong,37,1.568201724,3.610917913,0.637673065
Paper,Hong Kong,139,2.1430148,4.934473933,0.466632335
Paper,Hong Kong,71,1.851258349,4.262679877,0.540173121
Paper,Hong Kong,14.4,1.158362492,2.667228207,0.863287621
Paper,Hong Kong,47,1.672097858,3.850147602,0.598051122
Paper,Hong Kong,10.2,1.008600172,2.32238772,0.991473161
Paper,Hong Kong,12.4,1.093421685,2.517696473,0.914560241
Paper,Hong Kong,8.4,0.924279286,2.128231706,1.081924062
Paper,Hong Kong,9,0.954242509,2.197224577,1.047951637
Paper,Hong Kong,4.8,0.681241237,1.568615918,1.467908789
Paper,Hong Kong,13.2,1.120573931,2.58021683,0.892399843
Paper,Hong Kong,31.8,1.50242712,3.45946629,0.665589689
Paper,Hong Kong,25,1.397940009,3.218875825,0.715338279
Paper,Hong Kong,121,2.08278537,4.795790546,0.480126284
Paper,Hong Kong,47,1.672097858,3.850147602,0.598051122
Paper,Hong Kong,30,1.477121255,3.401197382,0.676992493
Paper,Hong Kong,18,1.255272505,2.890371758,0.79663977
Paper,Hong Kong,3.6,0.556302501,1.280933845,1.797583147
Paper,Hong Kong,11.2,1.049218023,2.415913778,0.953090757
Paper,Hong Kong,14.2,1.152288344,2.653241965,0.867838337
Paper,Hong Kong,4,0.602059991,1.386294361,1.660964047
Paper,Hong Kong,13,1.113943352,2.564949357,0.897711718
Paper,Hong Kong,17,1.230448921,2.833213344,0.812711509
Paper,Hong Kong,5,0.698970004,1.609437912,1.430676558
Paper,Hong Kong,10,1,2.302585093,1
Paper,Hong Kong,10,1,2.302585093,1
Paper,Hong Kong,7,0.84509804,1.945910149,1.183294662
Paper,Hong Kong,61,1.785329835,4.110873864,0.56012059
Paper,Hong Kong,41,1.612783857,3.713572067,0.620045889
Paper,Hong Kong,16,1.204119983,2.772588722,0.830482024
Paper,Hong Kong,65,1.812913357,4.17438727,0.551598341
Paper,Hong Kong,4,0.602059991,1.386294361,1.660964047
Paper,Hong Kong,5,0.698970004,1.609437912,1.430676558
Paper,Hong Kong,14,1.146128036,2.63905733,0.87250287
Paper,Hong Kong,6,0.77815125,1.791759469,1.285097209
Paper,Hong Kong,33,1.51851394,3.496507561,0.658538571
Paper,Hong Kong,28,1.447158031,3.33220451,0.691009536
Paper,Hong Kong,18,1.255272505,2.890371758,0.79663977
Paper,Hong Kong,54,1.73239376,3.988984047,0.577235974
Paper,Hong Kong,172,2.235528447,5.147494477,0.447321528
Paper,Hong Kong,44.5,1.648360011,3.795489189,0.606663589
Paper,Hong Kong,90,1.954242509,4.49980967,0.511707219
Paper,Hong Kong,219,2.340444115,5.38907173,0.427269335
Paper,Hong Kong,73,1.86332286,4.290459441,0.536675646
Paper,Hong Kong,77,1.886490725,4.343805422,0.530084769
Paper,Hong Kong,29,1.462397998,3.36729583,0.683808376
Paper,Hong Kong,79,1.897627091,4.369447852,0.526973927
Paper,Hong Kong,96,1.982271233,4.564348191,0.504471832
Paper,Hong Kong,12,1.079181246,2.48490665,0.926628408
Paper,Hong Kong,35,1.544068044,3.555348061,0.647639852
Paper,Hong Kong,89,1.949390007,4.48863637,0.512980982
Paper,Hong Kong,67,1.826074803,4.204692619,0.547622692
Paper,Hong Kong,16,1.204119983,2.772588722,0.830482024
Paper,Hong Kong,56.6,1.752816431,4.036008985,0.570510398
Paper,Hong Kong,35,1.544068044,3.555348061,0.647639852
Paper,Hong Kong,22,1.342422681,3.091042453,0.74492186
Paper,Hong Kong,54.5,1.736396502,3.998200702,0.57590533
Paper,Hong Kong,15,1.176091259,2.708050201,0.850274154
Paper,Hong Kong,138,2.139879086,4.927253685,0.467316124
Paper,Hong Kong,11.5,1.06069784,2.442347035,0.94277556
Paper,Hong Kong,5,0.698970004,1.609437912,1.430676558
Paper,Hong Kong,166,2.220108088,5.111987788,0.45042852
Paper,Hong Kong,58,1.763427994,4.060443011,0.567077308
Paper,Hong Kong,45,1.653212514,3.80666249,0.604882912
Paper,Hong Kong,20,1.301029996,2.995732274,0.768621787
Paper,Hong Kong,21,1.322219295,3.044522438,0.756304196
Paper,Hong Kong,70,1.84509804,4.248495242,0.54197662
Paper,Hong Kong,115,2.06069784,4.744932128,0.485272504
Paper,Hong Kong,44,1.643452676,3.784189634,0.608475081
Paper,Hong Kong,82,1.913813852,4.406719247,0.522516858
Paper,Hong Kong,18,1.255272505,2.890371758,0.79663977
Paper,Hong Kong,25,1.397940009,3.218875825,0.715338279
Paper,Hong Kong,102,2.008600172,4.624972813,0.497859163
Paper,Hong Kong,110,2.041392685,4.700480366,0.489861655
Paper,Hong Kong,52,1.716003344,3.951243719,0.582749447
Paper,Hong Kong,34,1.531478917,3.526360525,0.652963608
Paper,Hong Kong,50,1.698970004,3.912023005,0.58859191
Paper,Hong Kong,125,2.096910013,4.828313737,0.476892186
Paper,Hong Kong,144,2.158362492,4.9698133,0.463314204
Paper,Hong Kong,25,1.397940009,3.218875825,0.715338279
Paper,Hong Kong,63,1.799340549,4.143134726,0.555759164
Paper,Hong Kong,30.5,1.484299839,3.417726684,0.673718324
Paper,Hong Kong,73,1.86332286,4.290459441,0.536675646
Paper,Hong Kong,32.5,1.511883361,3.481240089,0.661426685
Paper,Hong Kong,63.5,1.802773725,4.151039906,0.554700785
Paper,Hong Kong,28,1.447158031,3.33220451,0.691009536
Paper,Hong Kong,20,1.301029996,2.995732274,0.768621787
Paper,Hong Kong,40,1.602059991,3.688879454,0.624196351
Paper,Hong Kong,42,1.62324929,3.737669618,0.616048321
Paper,Hong Kong,127,2.103803721,4.844187086,0.475329514
Paper,Hong Kong,177,2.247973266,5.176149733,0.444845148
Paper,Hong Kong,130,2.113943352,4.86753445,0.473049573
Paper,Hong Kong,4,0.602059991,1.386294361,1.660964047
Paper,Hong Kong,9,0.954242509,2.197224577,1.047951637
Paper,Hong Kong,220,2.342422681,5.393627546,0.426908435
Paper,Hong Kong,160,2.204119983,5.075173815,0.45369581
Paper,Hong Kong,120,2.079181246,4.787491743,0.480958551
Paper,Hong Kong,11,1.041392685,2.397895273,0.960252568
Paper,Hong Kong,7,0.84509804,1.945910149,1.183294662
Paper,Hong Kong,14,1.146128036,2.63905733,0.87250287
Paper,Hong Kong,8,0.903089987,2.079441542,1.107309365
Paper,Hong Kong,23,1.361727836,3.135494216,0.734361136
Paper,Hong Kong,18,1.255272505,2.890371758,0.79663977
Paper,Hong Kong,20,1.301029996,2.995732274,0.768621787
Paper,Hong Kong,31,1.491361694,3.433987204,0.670528152
Paper,Hong Kong,9,0.954242509,2.197224577,1.047951637
Paper,Hong Kong,14,1.146128036,2.63905733,0.87250287
Paper,Hong Kong,71,1.851258349,4.262679877,0.540173121
Paper,Hong Kong,16,1.204119983,2.772588722,0.830482024
Paper,Hong Kong,31,1.491361694,3.433987204,0.670528152
Paper,Hong Kong,3,0.477121255,1.098612289,2.095903274
Paper,Hong Kong,8,0.903089987,2.079441542,1.107309365
Paper,Hong Kong,8,0.903089987,2.079441542,1.107309365
Paper,Hong Kong,49,1.69019608,3.891820298,0.591647331
Paper,Hong Kong,62,1.792391689,4.127134385,0.557913767
Paper,Hong Kong,18,1.255272505,2.890371758,0.79663977
Paper,Hong Kong,29,1.462397998,3.36729583,0.683808376
Paper,Hong Kong,14,1.146128036,2.63905733,0.87250287
Paper,Hong Kong,58,1.763427994,4.060443011,0.567077308
Paper,Hong Kong,59,1.770852012,4.077537444,0.564699926
Paper,Hong Kong,19,1.278753601,2.944438979,0.782011483
Paper,Hong Kong,62,1.792391689,4.127134385,0.557913767
Paper,Hong Kong,35,1.544068044,3.555348061,0.647639852
Paper,Hong Kong,27,1.431363764,3.295836866,0.698634425
Paper,Hong Kong,36,1.556302501,3.583518938,0.642548604
Paper,Hong Kong,34,1.531478917,3.526360525,0.652963608
Paper,Hong Kong,5,0.698970004,1.609437912,1.430676558
Paper,Hong Kong,22,1.342422681,3.091042453,0.74492186
Paper,Hong Kong,5,0.698970004,1.609437912,1.430676558
Paper,Hong Kong,5,0.698970004,1.609437912,1.430676558
Paper,Hong Kong,33,1.51851394,3.496507561,0.658538571
Paper,Hong Kong,108,2.033423755,4.682131227,0.491781409
Paper,Hong Kong,12,1.079181246,2.48490665,0.926628408
Paper,Hong Kong,38,1.579783597,3.63758616,0.63299809
Paper,Hong Kong,40,1.602059991,3.688879454,0.624196351
Paper,Hong Kong,66,1.819543936,4.189654742,0.549588268
Plastic,Hong Kong,30,1.477121255,3.401197382,0.676992493
Plastic,Hong Kong,11,1.041392685,2.397895273,0.960252568
Plastic,Hong Kong,15,1.176091259,2.708050201,0.850274154
Plastic,Hong Kong,62,1.792391689,4.127134385,0.557913767
Plastic,Hong Kong,19,1.278753601,2.944438979,0.782011483
Plastic,Hong Kong,10,1,2.302585093,1
Plastic,Hong Kong,10,1,2.302585093,1
Plastic,Hong Kong,10,1,2.302585093,1
Plastic,Hong Kong,50,1.698970004,3.912023005,0.58859191
PET,Hong Kong,8,0.903089987,2.079441542,1.107309365
PET,Hong Kong,97,1.986771734,4.574710979,0.503329085
PET,Hong Kong,5,0.698970004,1.609437912,1.430676558
PET,Hong Kong,5,0.698970004,1.609437912,1.430676558
PET,Hong Kong,2,0.301029996,0.693147181,3.321928095
PET,Hong Kong,1,0,0,0
PET,Hong Kong,0.3,-0.522878745,-1.203972804,-1.912489289
PET,Hong Kong,1,0,0,0
PET,Hong Kong,85,1.929418926,4.442651256,0.518290759
PET,Hong Kong,30,1.477121255,3.401197382,0.676992493
PET,Hong Kong,12.4,1.093421685,2.517696473,0.914560241
PET,Hong Kong,4,0.602059991,1.386294361,1.660964047
PET,Hong Kong,3.1,0.491361694,1.131402111,2.035160682
PET,Hong Kong,2.8,0.447158031,1.029619417,2.236345833
PET,Hong Kong,15.8,1.198657087,2.76000994,0.834266957
PET,Hong Kong,21,1.322219295,3.044522438,0.756304196
PET,Hong Kong,3.5,0.544068044,1.252762968,1.838005394
PET,Hong Kong,7.2,0.857332496,1.974081026,1.166408604
PET,Hong Kong,6.6,0.819543936,1.887069649,1.220190836
PET,Hong Kong,8,0.903089987,2.079441542,1.107309365
PET,Hong Kong,5,0.698970004,1.609437912,1.430676558
PET,Hong Kong,8,0.903089987,2.079441542,1.107309365
PET,Hong Kong,6,0.77815125,1.791759469,1.285097209
PET,Hong Kong,1.2,0.079181246,0.182321557,12.62925314
PET,Hong Kong,8,0.903089987,2.079441542,1.107309365
PET,Hong Kong,14.2,1.152288344,2.653241965,0.867838337
PET,Hong Kong,5.6,0.748188027,1.722766598,1.33656242
PET,Hong Kong,1.4,0.146128036,0.336472237,6.843313779
PET,Hong Kong,6,0.77815125,1.791759469,1.285097209
PET,Hong Kong,1,0,0,0
PET,Hong Kong,65,1.812913357,4.17438727,0.551598341
PET,Hong Kong,60,1.77815125,4.094344562,0.562381856
PET,Hong Kong,10,1,2.302585093,1
PET,Hong Kong,10,1,2.302585093,1
PET,Hong Kong,33,1.51851394,3.496507561,0.658538571
PET,Hong Kong,10,1,2.302585093,1
PET,Hong Kong,5,0.698970004,1.609437912,1.430676558
PET,Hong Kong,30,1.477121255,3.401197382,0.676992493
PET,Hong Kong,227,2.356025857,5.424950017,0.424443559
PET,Hong Kong,24,1.380211242,3.17805383,0.724526775
PET,Hong Kong,6,0.77815125,1.791759469,1.285097209
PET,Hong Kong,5,0.698970004,1.609437912,1.430676558
PET,Hong Kong,3,0.477121255,1.098612289,2.095903274
PET,Hong Kong,45,1.653212514,3.80666249,0.604882912
PET,Hong Kong,25,1.397940009,3.218875825,0.715338279
PET,Hong Kong,30,1.477121255,3.401197382,0.676992493
PET,Hong Kong,65,1.812913357,4.17438727,0.551598341
PET,Hong Kong,100,2,4.605170186,0.5
PET,Hong Kong,79,1.897627091,4.369447852,0.526973927
PET,Hong Kong,4,0.602059991,1.386294361,1.660964047
PET,Hong Kong,10,1,2.302585093,1
PET,Hong Kong,13.8,1.139879086,2.624668592,0.877286031
PET,Hong Kong,2,0.301029996,0.693147181,3.321928095
PET,Hong Kong,7.8,0.892094603,2.054123734,1.120957348
PET,Hong Kong,4.4,0.643452676,1.481604541,1.554115845
PET,Hong Kong,6,0.77815125,1.791759469,1.285097209
PET,Hong Kong,2.8,0.447158031,1.029619417,2.236345833
PET,Hong Kong,13,1.113943352,2.564949357,0.897711718
PET,Hong Kong,4,0.602059991,1.386294361,1.660964047
PET,Hong Kong,1.6,0.204119983,0.470003629,4.899079389
PET,Hong Kong,8.7,0.939519253,2.163323026,1.064374144
PET,Hong Kong,3.6,0.556302501,1.280933845,1.797583147
PET,Hong Kong,3.1,0.491361694,1.131402111,2.035160682
PET,Hong Kong,3.6,0.556302501,1.280933845,1.797583147
PET,Hong Kong,3,0.477121255,1.098612289,2.095903274
PET,Hong Kong,8,0.903089987,2.079441542,1.107309365
PET,Hong Kong,3,0.477121255,1.098612289,2.095903274
PET,Hong Kong,8,0.903089987,2.079441542,1.107309365
PET,Hong Kong,3.5,0.544068044,1.252762968,1.838005394
PET,Hong Kong,2.5,0.397940009,0.916290732,2.512941595
PET,Hong Kong,30,1.477121255,3.401197382,0.676992493
PET,Hong Kong,55,1.740362689,4.007333185,0.574592874
PET,Hong Kong,20,1.301029996,2.995732274,0.768621787
PET,Hong Kong,50,1.698970004,3.912023005,0.58859191
PET,Hong Kong,2,0.301029996,0.693147181,3.321928095
Metal,Hong Kong,2,0.301029996,0.693147181,3.321928095
Metal,Hong Kong,0.5,-0.301029996,-0.693147181,-3.321928095
Metal,Hong Kong,76,1.880813592,4.33073334,0.531684801
Metal,Hong Kong,53,1.72427587,3.970291914,0.579953601
Metal,Hong Kong,14,1.146128036,2.63905733,0.87250287
Metal,Hong Kong,3,0.477121255,1.098612289,2.095903274
Metal,Hong Kong,73,1.86332286,4.290459441,0.536675646
Metal,Hong Kong,2.5,0.397940009,0.916290732,2.512941595
Metal,Hong Kong,100,2,4.605170186,0.5
Metal,Hong Kong,1,0,0,0
Metal,Hong Kong,3,0.477121255,1.098612289,2.095903274
Metal,Hong Kong,24,1.380211242,3.17805383,0.724526775
Metal,Hong Kong,64,1.806179974,4.158883083,0.553654682
Metal,Hong Kong,78,1.892094603,4.356708827,0.5285148
Metal,Hong Kong,4,0.602059991,1.386294361,1.660964047
Metal,Hong Kong,2,0.301029996,0.693147181,3.321928095
Metal,Hong Kong,4.8,0.681241237,1.568615918,1.467908789
Metal,Hong Kong,2,0.301029996,0.693147181,3.321928095
Metal,Hong Kong,6.8,0.832508913,1.916922612,1.201188341
Metal,Hong Kong,50,1.698970004,3.912023005,0.58859191
Metal,Hong Kong,17.6,1.245512668,2.867898902,0.802882239
Metal,Hong Kong,12,1.079181246,2.48490665,0.926628408
Metal,Hong Kong,35,1.544068044,3.555348061,0.647639852
Metal,Hong Kong,26,1.414973348,3.258096538,0.706727092
Metal,Hong Kong,16.2,1.209515015,2.785011242,0.826777665
Metal,Hong Kong,5,0.698970004,1.609437912,1.430676558
Metal,Hong Kong,5.8,0.763427994,1.757857918,1.309881231
Metal,Hong Kong,10,1,2.302585093,1
Metal,Hong Kong,19,1.278753601,2.944438979,0.782011483
Metal,Hong Kong,6.5,0.812913357,1.871802177,1.230143399
Metal,Hong Kong,2.5,0.397940009,0.916290732,2.512941595
Metal,Hong Kong,1,0,0,0
Metal,Hong Kong,88,1.944482672,4.477336814,0.514275604
Metal,Hong Kong,4,0.602059991,1.386294361,1.660964047
Metal,Hong Kong,13,1.113943352,2.564949357,0.897711718
Metal,Hong Kong,6.5,0.812913357,1.871802177,1.230143399
Metal,Hong Kong,20,1.301029996,2.995732274,0.768621787
Metal,Hong Kong,33,1.51851394,3.496507561,0.658538571
Metal,Hong Kong,32,1.505149978,3.465735903,0.664385619
Metal,Hong Kong,0.8,-0.096910013,-0.223143551,-10.31885116
Metal,Hong Kong,30,1.477121255,3.401197382,0.676992493
Metal,Hong Kong,17.6,1.245512668,2.867898902,0.802882239
Metal,Hong Kong,2,0.301029996,0.693147181,3.321928095
Metal,Hong Kong,5.4,0.73239376,1.686398954,1.365385746
Metal,Hong Kong,2.4,0.380211242,0.875468737,2.630116867
Metal,Hong Kong,7,0.84509804,1.945910149,1.183294662
Metal,Hong Kong,155,2.190331698,5.043425117,0.456551855
Metal,Hong Kong,163,2.212187604,5.093750201,0.452041227
Metal,Hong Kong,8,0.903089987,2.079441542,1.107309365
Metal,Hong Kong,8,0.903089987,2.079441542,1.107309365
Metal,Hong Kong,55,1.740362689,4.007333185,0.574592874
Metal,Hong Kong,10,1,2.302585093,1
Metal,Hong Kong,8.4,0.924279286,2.128231706,1.081924062
Metal,Hong Kong,18.4,1.264817823,2.912350665,0.790627695
Metal,Hong Kong,12,1.079181246,2.48490665,0.926628408
Metal,Hong Kong,6.4,0.806179974,1.85629799,1.240417813
Metal,Hong Kong,5,0.698970004,1.609437912,1.430676558
Metal,Hong Kong,5,0.698970004,1.609437912,1.430676558
Metal,Hong Kong,15,1.176091259,2.708050201,0.850274154
Metal,Hong Kong,15,1.176091259,2.708050201,0.850274154
Metal,Hong Kong,0.6,-0.22184875,-0.510825624,-4.507575552
Metal,Hong Kong,1.6,0.204119983,0.470003629,4.899079389
Metal,Hong Kong,7,0.84509804,1.945910149,1.183294662
Metal,Hong Kong,25,1.397940009,3.218875825,0.715338279
Metal,Hong Kong,54,1.73239376,3.988984047,0.577235974
Metal,Hong Kong,18,1.255272505,2.890371758,0.79663977
Metal,Hong Kong,30,1.477121255,3.401197382,0.676992493
Metal,Hong Kong,13,1.113943352,2.564949357,0.897711718
Metal,Hong Kong,8,0.903089987,2.079441542,1.107309365
Metal,Hong Kong,36,1.556302501,3.583518938,0.642548604
Metal,Hong Kong,7,0.84509804,1.945910149,1.183294662
Metal,Hong Kong,13,1.113943352,2.564949357,0.897711718
Metal,Hong Kong,5,0.698970004,1.609437912,1.430676558
Metal,Hong Kong,12,1.079181246,2.48490665,0.926628408
Metal,Hong Kong,8,0.903089987,2.079441542,1.107309365
Metal,Hong Kong,3,0.477121255,1.098612289,2.095903274
Metal,Hong Kong,8,0.903089987,2.079441542,1.107309365
Metal,Hong Kong,7,0.84509804,1.945910149,1.183294662
Metal,Hong Kong,8.5,0.929418926,2.140066163,1.075941077
Metal,Hong Kong,550,2.740362689,6.309918278,0.3649152
Metal,Hong Kong,75,1.875061263,4.317488114,0.533315908
Metal,Hong Kong,132,2.120573931,4.882801923,0.471570449
Metal,Hong Kong,117,2.068185862,4.762173935,0.483515538
Metal,Hong Kong,18,1.255272505,2.890371758,0.79663977
Total,Hong Kong,91.5,1.961421094,4.516338972,0.509834427
Total,Hong Kong,89,1.949390007,4.48863637,0.512980982
Total,Hong Kong,120,2.079181246,4.787491743,0.480958551
Total,Hong Kong,35.5,1.550228353,3.569532696,0.645066256
Total,Hong Kong,190.5,2.27989498,5.249652195,0.438616695
Total,Hong Kong,5,0.698970004,1.609437912,1.430676558
Total,Hong Kong,124.5,2.095169351,4.824305716,0.477288387
Total,Hong Kong,65.5,1.8162413,4.182050143,0.550587634
Total,Hong Kong,88.5,1.946943271,4.483002552,0.513625648
Total,Hong Kong,26,1.414973348,3.258096538,0.706727092
Total,Hong Kong,43.5,1.638489257,3.772760938,0.610318314
Total,Hong Kong,83.5,1.921686475,4.424846632,0.520376249
Total,Hong Kong,22,1.342422681,3.091042453,0.74492186
Total,Hong Kong,5,0.698970004,1.609437912,1.430676558
Total,Hong Kong,2.5,0.397940009,0.916290732,2.512941595
Total,Hong Kong,136.5,2.135132651,4.916324615,0.468354975
Total,Hong Kong,76,1.880813592,4.33073334,0.531684801
Total,Hong Kong,10,1,2.302585093,1
Total,Hong Kong,161.5,2.208172527,5.084505143,0.452863165
Total,Hong Kong,176.5,2.24674471,5.173320876,0.445088396
Total,Hong Kong,70.5,1.848189117,4.25561271,0.54107017
Total,Hong Kong,170.8,2.232487866,5.140493281,0.447930766
Total,Hong Kong,62,1.792391689,4.127134385,0.557913767
Total,Hong Kong,53,1.72427587,3.970291914,0.579953601
Total,Hong Kong,53.5,1.728353782,3.979681654,0.578585247
Total,Hong Kong,134,2.127104798,4.8978398,0.470122582
Total,Hong Kong,53.5,1.728353782,3.979681654,0.578585247
Total,Hong Kong,88,1.944482672,4.477336814,0.514275604
Total,Hong Kong,73,1.86332286,4.290459441,0.536675646
Total,Hong Kong,166.5,2.221414238,5.114995309,0.450163676
Total,Hong Kong,7.5,0.875061263,2.014903021,1.142777131
Total,Hong Kong,30.5,1.484299839,3.417726684,0.673718324
Total,Hong Kong,48,1.681241237,3.871201011,0.594798639
Total,Hong Kong,78,1.892094603,4.356708827,0.5285148
Total,Hong Kong,34,1.531478917,3.526360525,0.652963608
Total,Hong Kong,34.5,1.537819095,3.540959324,0.650271546
Total,Hong Kong,12.4,1.093421685,2.517696473,0.914560241
Total,Hong Kong,100,2,4.605170186,0.5
Total,Hong Kong,32,1.505149978,3.465735903,0.664385619
Total,Hong Kong,28,1.447158031,3.33220451,0.691009536
Total,Hong Kong,45,1.653212514,3.80666249,0.604882912
Total,Hong Kong,7,0.84509804,1.945910149,1.183294662
Total,Hong Kong,19,1.278753601,2.944438979,0.782011483
Total,Hong Kong,18,1.255272505,2.890371758,0.79663977
Total,Hong Kong,23,1.361727836,3.135494216,0.734361136
Total,Hong Kong,49,1.69019608,3.891820298,0.591647331
Total,Hong Kong,4,0.602059991,1.386294361,1.660964047
Total,Hong Kong,46,1.662757832,3.828641396,0.601410489
Total,Hong Kong,2,0.301029996,0.693147181,3.321928095
Total,Hong Kong,52,1.716003344,3.951243719,0.582749447
Total,Hong Kong,31,1.491361694,3.433987204,0.670528152
Total,Hong Kong,40.1,1.603144373,3.691376334,0.623774139
Total,Hong Kong,30.5,1.484299839,3.417726684,0.673718324
Total,Hong Kong,80.8,1.907411361,4.391976966,0.524270758
Total,Hong Kong,40,1.602059991,3.688879454,0.624196351
Total,Hong Kong,14,1.146128036,2.63905733,0.87250287
Total,Hong Kong,15,1.176091259,2.708050201,0.850274154
Total,Hong Kong,90.1,1.954724791,4.500920165,0.511580968
Total,Hong Kong,7,0.84509804,1.945910149,1.183294662
Total,Hong Kong,7,0.84509804,1.945910149,1.183294662
Total,Hong Kong,24,1.380211242,3.17805383,0.724526775
Total,Hong Kong,11,1.041392685,2.397895273,0.960252568
Total,Hong Kong,21,1.322219295,3.044522438,0.756304196
Total,Hong Kong,31,1.491361694,3.433987204,0.670528152
Total,Hong Kong,53,1.72427587,3.970291914,0.579953601
Total,Hong Kong,30.5,1.484299839,3.417726684,0.673718324
Total,Hong Kong,14,1.146128036,2.63905733,0.87250287
Total,Hong Kong,34,1.531478917,3.526360525,0.652963608
Total,Hong Kong,156,2.193124598,5.049856007,0.455970445
Total,Hong Kong,6,0.77815125,1.791759469,1.285097209
Total,Hong Kong,20,1.301029996,2.995732274,0.768621787
Total,Hong Kong,4,0.602059991,1.386294361,1.660964047
Total,Hong Kong,94,1.973127854,4.543294782,0.50680953
Total,Hong Kong,21,1.322219295,3.044522438,0.756304196
Total,Hong Kong,39.9,1.600972896,3.686376324,0.624620194
Total,Hong Kong,73,1.86332286,4.290459441,0.536675646
Total,Hong Kong,23.4,1.369215857,3.152736022,0.730345033
Total,Hong Kong,3.6,0.556302501,1.280933845,1.797583147
Total,Hong Kong,21,1.322219295,3.044522438,0.756304196
Total,Hong Kong,49.5,1.694605199,3.90197267,0.59010795
Total,Hong Kong,8,0.903089987,2.079441542,1.107309365
Total,Hong Kong,4,0.602059991,1.386294361,1.660964047
Total,Hong Kong,11.3,1.053078443,2.424802726,0.949596876
Total,Hong Kong,32,1.505149978,3.465735903,0.664385619
Total,Hong Kong,7.2,0.857332496,1.974081026,1.166408604
Total,Hong Kong,15.8,1.198657087,2.76000994,0.834266957
Total,Hong Kong,12,1.079181246,2.48490665,0.926628408
Total,Hong Kong,34,1.531478917,3.526360525,0.652963608
Total,Hong Kong,59,1.770852012,4.077537444,0.564699926
Total,Hong Kong,2,0.301029996,0.693147181,3.321928095
Total,Hong Kong,10.4,1.017033339,2.341805806,0.983251936
Total,Hong Kong,50,1.698970004,3.912023005,0.58859191
Total,Hong Kong,4.2,0.62324929,1.435084525,1.604494406
Total,Hong Kong,12.4,1.093421685,2.517696473,0.914560241
Total,Hong Kong,85.8,1.933487288,4.452019006,0.517200194
Total,Hong Kong,74,1.86923172,4.304065093,0.534979152
Total,Hong Kong,51,1.707570176,3.931825633,0.585627469
Total,Hong Kong,49,1.69019608,3.891820298,0.591647331
Total,Hong Kong,3,0.477121255,1.098612289,2.095903274
Total,Hong Kong,8,0.903089987,2.079441542,1.107309365
Total,Hong Kong,80,1.903089987,4.382026635,0.525461227
Total,Hong Kong,73.4,1.86569606,4.295923936,0.535992985
Total,Hong Kong,3.4,0.531478917,1.223775432,1.88154218
Total,Hong Kong,26.6,1.424881637,3.280911216,0.70181268
Total,Hong Kong,6,0.77815125,1.791759469,1.285097209
Total,Hong Kong,72.2,1.858537198,4.279440046,0.538057566
Total,Hong Kong,69,1.838849091,4.234106505,0.543818416
Total,Hong Kong,6,0.77815125,1.791759469,1.285097209
Total,Hong Kong,14.2,1.152288344,2.653241965,0.867838337
Total,Hong Kong,37,1.568201724,3.610917913,0.637673065
Total,Hong Kong,8,0.903089987,2.079441542,1.107309365
Total,Hong Kong,58.4,1.766412847,4.06731589,0.566119071
Total,Hong Kong,21.8,1.338456494,3.08190997,0.747129253
Total,Hong Kong,5,0.698970004,1.609437912,1.430676558
Total,Hong Kong,32.8,1.515873844,3.490428515,0.659685504
Total,Hong Kong,1.4,0.146128036,0.336472237,6.843313779
Total,Hong Kong,97,1.986771734,4.574710979,0.503329085
Total,Hong Kong,149,2.173186268,5.003946306,0.460153837
Total,Hong Kong,6,0.77815125,1.791759469,1.285097209
Total,Hong Kong,10,1,2.302585093,1
Total,Hong Kong,7,0.84509804,1.945910149,1.183294662
Total,Hong Kong,92,1.963787827,4.521788577,0.509219981
Total,Hong Kong,60,1.77815125,4.094344562,0.562381856
Total,Hong Kong,139,2.1430148,4.934473933,0.466632335
Total,Hong Kong,7.5,0.875061263,2.014903021,1.142777131
Total,Hong Kong,44,1.643452676,3.784189634,0.608475081
Total,Hong Kong,23,1.361727836,3.135494216,0.734361136
Total,Hong Kong,111,2.045322979,4.709530201,0.488920337
Total,Hong Kong,90,1.954242509,4.49980967,0.511707219
Total,Hong Kong,65,1.812913357,4.17438727,0.551598341
Total,Hong Kong,5,0.698970004,1.609437912,1.430676558
Total,Hong Kong,25,1.397940009,3.218875825,0.715338279
Total,Hong Kong,20,1.301029996,2.995732274,0.768621787
Total,Hong Kong,10,1,2.302585093,1
Total,Hong Kong,43,1.633468456,3.761200116,0.612194252
Total,Hong Kong,10,1,2.302585093,1
Total,Hong Kong,6,0.77815125,1.791759469,1.285097209
Total,Hong Kong,19,1.278753601,2.944438979,0.782011483
Total,Hong Kong,70,1.84509804,4.248495242,0.54197662
Total,Hong Kong,15,1.176091259,2.708050201,0.850274154
Total,Hong Kong,5,0.698970004,1.609437912,1.430676558
Total,Hong Kong,9,0.954242509,2.197224577,1.047951637
Total,Hong Kong,10,1,2.302585093,1
Total,Hong Kong,133,2.123851641,4.890349128,0.470842681
Total,Hong Kong,104,2.017033339,4.644390899,0.495777626
Total,Hong Kong,5,0.698970004,1.609437912,1.430676558
Total,Hong Kong,160,2.204119983,5.075173815,0.45369581
Total,Hong Kong,227,2.356025857,5.424950017,0.424443559
Total,Hong Kong,24,1.380211242,3.17805383,0.724526775
Total,Hong Kong,147,2.167317335,4.990432587,0.461399899
Total,Hong Kong,15,1.176091259,2.708050201,0.850274154
Total,Hong Kong,8,0.903089987,2.079441542,1.107309365
Total,Hong Kong,12,1.079181246,2.48490665,0.926628408
Total,Hong Kong,10.5,1.021189299,2.351375257,0.979250371
Total,Hong Kong,38,1.579783597,3.63758616,0.63299809
Total,Hong Kong,4,0.602059991,1.386294361,1.660964047
Total,Hong Kong,26,1.414973348,3.258096538,0.706727092
Total,Hong Kong,23,1.361727836,3.135494216,0.734361136
Total,Hong Kong,9,0.954242509,2.197224577,1.047951637
Total,Hong Kong,29,1.462397998,3.36729583,0.683808376
Total,Hong Kong,8,0.903089987,2.079441542,1.107309365
Total,Hong Kong,38,1.579783597,3.63758616,0.63299809
Total,Hong Kong,48,1.681241237,3.871201011,0.594798639
Total,Hong Kong,35,1.544068044,3.555348061,0.647639852
Total,Hong Kong,72,1.857332496,4.276666119,0.53840656
Total,Hong Kong,16,1.204119983,2.772588722,0.830482024
Total,Hong Kong,32,1.505149978,3.465735903,0.664385619
Total,Hong Kong,6,0.77815125,1.791759469,1.285097209
Total,Hong Kong,5,0.698970004,1.609437912,1.430676558
Total,Hong Kong,9.5,0.977723605,2.251291799,1.022783939
Total,Hong Kong,5,0.698970004,1.609437912,1.430676558
Total,Hong Kong,45,1.653212514,3.80666249,0.604882912
Total,Hong Kong,40,1.602059991,3.688879454,0.624196351
Total,Hong Kong,30,1.477121255,3.401197382,0.676992493
Total,Hong Kong,65,1.812913357,4.17438727,0.551598341
Total,Hong Kong,100,2,4.605170186,0.5
Total,Hong Kong,79,1.897627091,4.369447852,0.526973927
Total,Hong Kong,0,0,0,0
Total,Hong Kong,4,0.602059991,1.386294361,1.660964047
Total,Hong Kong,1,0,0,0
Total,Hong Kong,50,1.698970004,3.912023005,0.58859191
Total,Hong Kong,7,0.84509804,1.945910149,1.183294662
Total,Hong Kong,30,1.477121255,3.401197382,0.676992493
Total,Hong Kong,105,2.021189299,4.65396035,0.49475821
Total,Hong Kong,10,1,2.302585093,1
Total,Hong Kong,12,1.079181246,2.48490665,0.926628408
Total,Hong Kong,8,0.903089987,2.079441542,1.107309365
Total,Hong Kong,4,0.602059991,1.386294361,1.660964047
Total,Hong Kong,5,0.698970004,1.609437912,1.430676558
Total,Hong Kong,94,1.973127854,4.543294782,0.50680953
Total,Hong Kong,0,0,0,0
Total,Hong Kong,32,1.505149978,3.465735903,0.664385619
Total,Hong Kong,84,1.924279286,4.430816799,0.519675084
Total,Hong Kong,25,1.397940009,3.218875825,0.715338279
Total,Hong Kong,17,1.230448921,2.833213344,0.812711509
Total,Hong Kong,17,1.230448921,2.833213344,0.812711509
Total,Hong Kong,66,1.819543936,4.189654742,0.549588268
Total,Hong Kong,14,1.146128036,2.63905733,0.87250287
Total,Hong Kong,106,2.025305865,4.663439094,0.493752582
Total,Hong Kong,11,1.041392685,2.397895273,0.960252568
Total,Hong Kong,6.5,0.812913357,1.871802177,1.230143399
Total,Hong Kong,35,1.544068044,3.555348061,0.647639852
Total,Hong Kong,5,0.698970004,1.609437912,1.430676558
Total,Hong Kong,106,2.025305865,4.663439094,0.493752582
Total,Hong Kong,8,0.903089987,2.079441542,1.107309365
Total,Hong Kong,52,1.716003344,3.951243719,0.582749447
Total,Hong Kong,6,0.77815125,1.791759469,1.285097209
Total,Hong Kong,21,1.322219295,3.044522438,0.756304196
Total,Hong Kong,10,1,2.302585093,1
Total,Hong Kong,6,0.77815125,1.791759469,1.285097209
Total,Hong Kong,10,1,2.302585093,1
Total,Hong Kong,7,0.84509804,1.945910149,1.183294662
Total,Hong Kong,2.5,0.397940009,0.916290732,2.512941595
Total,Hong Kong,21,1.322219295,3.044522438,0.756304196
Total,Hong Kong,1,0,0,0
Total,Hong Kong,25,1.397940009,3.218875825,0.715338279
Total,Hong Kong,5,0.698970004,1.609437912,1.430676558
Total,Hong Kong,21,1.322219295,3.044522438,0.756304196
Total,Hong Kong,12,1.079181246,2.48490665,0.926628408
Total,Hong Kong,13,1.113943352,2.564949357,0.897711718
Total,Hong Kong,84,1.924279286,4.430816799,0.519675084
Total,Hong Kong,147,2.167317335,4.990432587,0.461399899
Total,Hong Kong,88,1.944482672,4.477336814,0.514275604
Total,Hong Kong,188,2.274157849,5.236441963,0.439723215
Total,Hong Kong,4,0.602059991,1.386294361,1.660964047
Total,Hong Kong,3,0.477121255,1.098612289,2.095903274
Total,Hong Kong,10,1,2.302585093,1
Total,Hong Kong,25,1.397940009,3.218875825,0.715338279
Total,Hong Kong,26,1.414973348,3.258096538,0.706727092
Total,Hong Kong,26,1.414973348,3.258096538,0.706727092
Total,Hong Kong,19,1.278753601,2.944438979,0.782011483
Total,Hong Kong,88,1.944482672,4.477336814,0.514275604
Total,Hong Kong,0,0,0,0
Total,Hong Kong,5,0.698970004,1.609437912,1.430676558
Total,Hong Kong,15,1.176091259,2.708050201,0.850274154
Total,Hong Kong,68,1.832508913,4.219507705,0.545699938
Total,Hong Kong,87,1.939519253,4.465908119,0.515591685
Total,Hong Kong,6,0.77815125,1.791759469,1.285097209
Total,Hong Kong,13,1.113943352,2.564949357,0.897711718
Total,Hong Kong,8,0.903089987,2.079441542,1.107309365
Total,Hong Kong,5,0.698970004,1.609437912,1.430676558
Total,Hong Kong,8,0.903089987,2.079441542,1.107309365
Total,Hong Kong,91,1.959041392,4.510859507,0.510453737
Total,Hong Kong,19,1.278753601,2.944438979,0.782011483
Total,Hong Kong,30,1.477121255,3.401197382,0.676992493
Total,Hong Kong,6.5,0.812913357,1.871802177,1.230143399
Total,Hong Kong,53,1.72427587,3.970291914,0.579953601
Total,Hong Kong,10,1,2.302585093,1
Total,Hong Kong,22,1.342422681,3.091042453,0.74492186
Total,Hong Kong,169,2.227886705,5.129898715,0.448855859
Total,Hong Kong,56,1.748188027,4.025351691,0.572020849
Total,Hong Kong,25,1.397940009,3.218875825,0.715338279
Total,Hong Kong,4,0.602059991,1.386294361,1.660964047
Total,Hong Kong,14,1.146128036,2.63905733,0.87250287
Total,Hong Kong,7,0.84509804,1.945910149,1.183294662
Total,Hong Kong,6,0.77815125,1.791759469,1.285097209
Total,Hong Kong,27,1.431363764,3.295836866,0.698634425
Total,Hong Kong,29,1.462397998,3.36729583,0.683808376
Total,Hong Kong,44,1.643452676,3.784189634,0.608475081
Total,Hong Kong,35,1.544068044,3.555348061,0.647639852
Total,Hong Kong,41,1.612783857,3.713572067,0.620045889
Total,Hong Kong,97,1.986771734,4.574710979,0.503329085
Total,Hong Kong,30,1.477121255,3.401197382,0.676992493
Total,Hong Kong,20,1.301029996,2.995732274,0.768621787
Total,Hong Kong,23,1.361727836,3.135494216,0.734361136
Total,Hong Kong,92,1.963787827,4.521788577,0.509219981
Total,Hong Kong,288,2.459392488,5.66296048,0.406604479
Total,Hong Kong,112,2.049218023,4.718498871,0.487991023
Total,Hong Kong,8,0.903089987,2.079441542,1.107309365
Total,Hong Kong,31,1.491361694,3.433987204,0.670528152
Total,Hong Kong,30,1.477121255,3.401197382,0.676992493
Total,Hong Kong,38,1.579783597,3.63758616,0.63299809
Total,Hong Kong,22.8,1.357934847,3.126760536,0.736412356
Total,Hong Kong,19,1.278753601,2.944438979,0.782011483
Total,Hong Kong,34.2,1.534026106,3.532225644,0.651879389
Total,Hong Kong,32,1.505149978,3.465735903,0.664385619
Total,Hong Kong,0.8,-0.096910013,-0.223143551,-10.31885116
Total,Hong Kong,57,1.755874856,4.043051268,0.56951667
Total,Hong Kong,61.2,1.786751422,4.11414719,0.559674943
Total,Hong Kong,55,1.740362689,4.007333185,0.574592874
Total,Hong Kong,9,0.954242509,2.197224577,1.047951637
Total,Hong Kong,55.4,1.743509765,4.014579594,0.573555721
Total,Hong Kong,36,1.556302501,3.583518938,0.642548604
Total,Hong Kong,9.6,0.982271233,2.261763098,1.018048749
Total,Hong Kong,6,0.77815125,1.791759469,1.285097209
Total,Hong Kong,30.2,1.480006943,3.407841924,0.675672506
Total,Hong Kong,15,1.176091259,2.708050201,0.850274154
Total,Hong Kong,2.4,0.380211242,0.875468737,2.630116867
Total,Hong Kong,7,0.84509804,1.945910149,1.183294662
Total,Hong Kong,155,2.190331698,5.043425117,0.456551855
Total,Hong Kong,163,2.212187604,5.093750201,0.452041227
Total,Hong Kong,15,1.176091259,2.708050201,0.850274154
Total,Hong Kong,33,1.51851394,3.496507561,0.658538571
Total,Hong Kong,37,1.568201724,3.610917913,0.637673065
Total,Hong Kong,6.308,0.799891685,1.841818669,1.250169266
Total,Hong Kong,52.866,1.723176452,3.96776041,0.580323622
Total,Hong Kong,55,1.740362689,4.007333185,0.574592874
Total,Hong Kong,56.6,1.752816431,4.036008985,0.570510398
Total,Hong Kong,139,2.1430148,4.934473933,0.466632335
Total,Hong Kong,78,1.892094603,4.356708827,0.5285148
Total,Hong Kong,15.8,1.198657087,2.76000994,0.834266957
Total,Hong Kong,47,1.672097858,3.850147602,0.598051122
Total,Hong Kong,11.2,1.049218023,2.415913778,0.953090757
Total,Hong Kong,12.2,1.086359831,2.501435952,0.920505317
Total,Hong Kong,18.4,1.264817823,2.912350665,0.790627695
Total,Hong Kong,12,1.079181246,2.48490665,0.926628408
Total,Hong Kong,179,2.252853031,5.187385806,0.443881596
Total,Hong Kong,18.8,1.274157849,2.93385687,0.784832115
Total,Hong Kong,8.4,0.924279286,2.128231706,1.081924062
Total,Hong Kong,14,1.146128036,2.63905733,0.87250287
Total,Hong Kong,4.8,0.681241237,1.568615918,1.467908789
Total,Hong Kong,13.2,1.120573931,2.58021683,0.892399843
Total,Hong Kong,31.8,1.50242712,3.45946629,0.665589689
Total,Hong Kong,26.1,1.416640507,3.261935314,0.705895388
Total,Hong Kong,3.3,0.51851394,1.193922468,1.928588458
Total,Hong Kong,121,2.08278537,4.795790546,0.480126284
Total,Hong Kong,2.2,0.342422681,0.78845736,2.9203673
Total,Hong Kong,60,1.77815125,4.094344562,0.562381856
Total,Hong Kong,5,0.698970004,1.609437912,1.430676558
Total,Hong Kong,49,1.69019608,3.891820298,0.591647331
Total,Hong Kong,36,1.556302501,3.583518938,0.642548604
Total,Hong Kong,3.6,0.556302501,1.280933845,1.797583147
Total,Hong Kong,11.2,1.049218023,2.415913778,0.953090757
Total,Hong Kong,1.6,0.204119983,0.470003629,4.899079389
Total,Hong Kong,3.8,0.579783597,1.335001067,1.724781463
Total,Hong Kong,9,0.954242509,2.197224577,1.047951637
Total,Hong Kong,14.64,1.165541077,2.683757509,0.85797062
Total,Hong Kong,1,0,0,0
Total,Hong Kong,3.36,0.526339277,1.211940974,1.899915212
Total,Hong Kong,11,1.041392685,2.397895273,0.960252568
Total,Hong Kong,13,1.113943352,2.564949357,0.897711718
Total,Hong Kong,17,1.230448921,2.833213344,0.812711509
Total,Hong Kong,5,0.698970004,1.609437912,1.430676558
Total,Hong Kong,10,1,2.302585093,1
Total,Hong Kong,10,1,2.302585093,1
Total,Hong Kong,11.4,1.056904851,2.433613355,0.946158965
Total,Hong Kong,8.7,0.939519253,2.163323026,1.064374144
Total,Hong Kong,63,1.799340549,4.143134726,0.555759164
Total,Hong Kong,46.5,1.667452953,3.839452313,0.59971707
Total,Hong Kong,16,1.204119983,2.772588722,0.830482024
Total,Hong Kong,76,1.880813592,4.33073334,0.531684801
Total,Hong Kong,0.176,-0.754487332,-1.737271284,-1.3254033
Total,Hong Kong,25,1.397940009,3.218875825,0.715338279
Total,Hong Kong,4,0.602059991,1.386294361,1.660964047
Total,Hong Kong,56.2,1.749736316,4.028916757,0.571514685
Total,Hong Kong,5,0.698970004,1.609437912,1.430676558
Total,Hong Kong,14,1.146128036,2.63905733,0.87250287
Total,Hong Kong,6,0.77815125,1.791759469,1.285097209
Total,Hong Kong,33,1.51851394,3.496507561,0.658538571
Total,Hong Kong,48,1.681241237,3.871201011,0.594798639
Total,Hong Kong,30.11,1.478710756,3.404857342,0.676264777
Total,Hong Kong,3.1,0.491361694,1.131402111,2.035160682
Total,Hong Kong,31.6,1.499687083,3.453157121,0.66680577
Total,Hong Kong,31,1.491361694,3.433987204,0.670528152
Total,Hong Kong,54,1.73239376,3.988984047,0.577235974
Total,Hong Kong,180,2.255272505,5.192956851,0.443405397
Total,Hong Kong,44.5,1.648360011,3.795489189,0.606663589
Total,Hong Kong,128,2.10720997,4.852030264,0.474561156
Total,Hong Kong,226,2.354108439,5.420534999,0.424789268
Total,Hong Kong,73,1.86332286,4.290459441,0.536675646
Total,Hong Kong,77,1.886490725,4.343805422,0.530084769
Total,Hong Kong,46,1.662757832,3.828641396,0.601410489
Total,Hong Kong,87,1.939519253,4.465908119,0.515591685
Total,Hong Kong,99.88,1.999478534,4.603969465,0.500130401
Total,Hong Kong,12.44,1.09482038,2.520917087,0.913391838
Total,Hong Kong,5,0.698970004,1.609437912,1.430676558
Total,Hong Kong,35,1.544068044,3.555348061,0.647639852
Total,Hong Kong,89,1.949390007,4.48863637,0.512980982
Total,Hong Kong,67,1.826074803,4.204692619,0.547622692
Total,Hong Kong,16.33,1.212986185,2.793003907,0.824411698
Total,Hong Kong,12,1.079181246,2.48490665,0.926628408
Total,Hong Kong,64.6,1.810232518,4.168214411,0.552415223
Total,Hong Kong,35,1.544068044,3.555348061,0.647639852
Total,Hong Kong,22,1.342422681,3.091042453,0.74492186
Total,Hong Kong,62.5,1.795880017,4.135166557,0.556830072
Total,Hong Kong,4,0.602059991,1.386294361,1.660964047
Total,Hong Kong,15,1.176091259,2.708050201,0.850274154
Total,Hong Kong,138,2.139879086,4.927253685,0.467316124
Total,Hong Kong,12.6,1.100370545,2.533696814,0.908784777
Total,Hong Kong,1,0,0,0
Total,Hong Kong,8.5,0.929418926,2.140066163,1.075941077
Total,Hong Kong,166,2.220108088,5.111987788,0.45042852
Total,Hong Kong,58,1.763427994,4.060443011,0.567077308
Total,Hong Kong,45,1.653212514,3.80666249,0.604882912
Total,Hong Kong,20,1.301029996,2.995732274,0.768621787
Total,Hong Kong,21,1.322219295,3.044522438,0.756304196
Total,Hong Kong,78,1.892094603,4.356708827,0.5285148
Total,Hong Kong,115,2.06069784,4.744932128,0.485272504
Total,Hong Kong,4,0.602059991,1.386294361,1.660964047
Total,Hong Kong,5.5,0.740362689,1.704748092,1.35068935
Total,Hong Kong,44,1.643452676,3.784189634,0.608475081
Total,Hong Kong,82,1.913813852,4.406719247,0.522516858
Total,Hong Kong,18,1.255272505,2.890371758,0.79663977
Total,Hong Kong,25,1.397940009,3.218875825,0.715338279
Total,Hong Kong,102,2.008600172,4.624972813,0.497859163
Total,Hong Kong,110,2.041392685,4.700480366,0.489861655
Total,Hong Kong,7,0.84509804,1.945910149,1.183294662
Total,Hong Kong,52,1.716003344,3.951243719,0.582749447
Total,Hong Kong,34,1.531478917,3.526360525,0.652963608
Total,Hong Kong,50,1.698970004,3.912023005,0.58859191
Total,Hong Kong,125,2.096910013,4.828313737,0.476892186
Total,Hong Kong,144,2.158362492,4.9698133,0.463314204
Total,Hong Kong,25,1.397940009,3.218875825,0.715338279
Total,Hong Kong,4.7,0.672097858,1.547562509,1.48787857
Total,Hong Kong,2.5,0.397940009,0.916290732,2.512941595
Total,Hong Kong,63,1.799340549,4.143134726,0.555759164
Total,Hong Kong,10.7,1.029383778,2.370243741,0.971454983
Total,Hong Kong,30.5,1.484299839,3.417726684,0.673718324
Total,Hong Kong,73,1.86332286,4.290459441,0.536675646
Total,Hong Kong,32.5,1.511883361,3.481240089,0.661426685
Total,Hong Kong,63.5,1.802773725,4.151039906,0.554700785
Total,Hong Kong,28,1.447158031,3.33220451,0.691009536
Total,Hong Kong,1.76,0.245512668,0.565313809,4.073109583
Total,Hong Kong,40,1.602059991,3.688879454,0.624196351
Total,Hong Kong,65,1.812913357,4.17438727,0.551598341
Total,Hong Kong,30,1.477121255,3.401197382,0.676992493
Total,Hong Kong,100,2,4.605170186,0.5
Total,Hong Kong,20,1.301029996,2.995732274,0.768621787
Total,Hong Kong,40,1.602059991,3.688879454,0.624196351
Total,Hong Kong,2,0.301029996,0.693147181,3.321928095
Total,Hong Kong,42,1.62324929,3.737669618,0.616048321
Total,Hong Kong,127,2.103803721,4.844187086,0.475329514
Total,Hong Kong,177,2.247973266,5.176149733,0.444845148
Total,Hong Kong,130,2.113943352,4.86753445,0.473049573
Total,Hong Kong,4.044,0.606811147,1.397234301,1.64795918
Total,Hong Kong,9,0.954242509,2.197224577,1.047951637
Total,Hong Kong,220,2.342422681,5.393627546,0.426908435
Total,Hong Kong,160,2.204119983,5.075173815,0.45369581
Total,Hong Kong,120,2.079181246,4.787491743,0.480958551
Total,Hong Kong,11,1.041392685,2.397895273,0.960252568
Total,Hong Kong,7,0.84509804,1.945910149,1.183294662
Total,Hong Kong,14,1.146128036,2.63905733,0.87250287
Total,Hong Kong,8,0.903089987,2.079441542,1.107309365
Total,Hong Kong,23,1.361727836,3.135494216,0.734361136
Total,Hong Kong,18,1.255272505,2.890371758,0.79663977
Total,Hong Kong,20,1.301029996,2.995732274,0.768621787
Total,Hong Kong,550,2.740362689,6.309918278,0.3649152
Total,Hong Kong,31,1.491361694,3.433987204,0.670528152
Total,Hong Kong,9,0.954242509,2.197224577,1.047951637
Total,Hong Kong,14,1.146128036,2.63905733,0.87250287
Total,Hong Kong,71,1.851258349,4.262679877,0.540173121
Total,Hong Kong,16,1.204119983,2.772588722,0.830482024
Total,Hong Kong,75,1.875061263,4.317488114,0.533315908
Total,Hong Kong,132,2.120573931,4.882801923,0.471570449
Total,Hong Kong,31,1.491361694,3.433987204,0.670528152
Total,Hong Kong,3,0.477121255,1.098612289,2.095903274
Total,Hong Kong,8,0.903089987,2.079441542,1.107309365
Total,Hong Kong,8,0.903089987,2.079441542,1.107309365
Total,Hong Kong,142,2.152288344,4.955827058,0.464621761
Total,Hong Kong,62,1.792391689,4.127134385,0.557913767
Total,Hong Kong,18,1.255272505,2.890371758,0.79663977
Total,Hong Kong,29,1.462397998,3.36729583,0.683808376
Total,Hong Kong,14,1.146128036,2.63905733,0.87250287
Total,Hong Kong,58,1.763427994,4.060443011,0.567077308
Total,Hong Kong,59,1.770852012,4.077537444,0.564699926
Total,Hong Kong,19,1.278753601,2.944438979,0.782011483
Total,Hong Kong,62,1.792391689,4.127134385,0.557913767
Total,Hong Kong,35,1.544068044,3.555348061,0.647639852
Total,Hong Kong,27,1.431363764,3.295836866,0.698634425
Total,Hong Kong,36,1.556302501,3.583518938,0.642548604
Total,Hong Kong,34,1.531478917,3.526360525,0.652963608
Total,Hong Kong,6,0.77815125,1.791759469,1.285097209
Total,Hong Kong,22,1.342422681,3.091042453,0.74492186
Total,Hong Kong,0.044,-1.356547324,-3.123565645,-0.737165584
Total,Hong Kong,5,0.698970004,1.609437912,1.430676558
Total,Hong Kong,5,0.698970004,1.609437912,1.430676558
Total,Hong Kong,117,2.068185862,4.762173935,0.483515538
Total,Hong Kong,18,1.255272505,2.890371758,0.79663977
Total,Hong Kong,33,1.51851394,3.496507561,0.658538571
Total,Hong Kong,108,2.033423755,4.682131227,0.491781409
Total,Hong Kong,12,1.079181246,2.48490665,0.926628408
Total,Hong Kong,38,1.579783597,3.63758616,0.63299809
Total,Hong Kong,40,1.602059991,3.688879454,0.624196351
Total,Hong Kong,66,1.819543936,4.189654742,0.549588268
Paper,Guangzhou,38,1.579783597,3.63758616,0.63299809
Paper,Guangzhou,98,1.991226076,4.584967479,0.502203146
Paper,Guangzhou,188,2.274157849,5.236441963,0.439723215
Paper,Guangzhou,22,1.342422681,3.091042453,0.74492186
Paper,Guangzhou,10,1,2.302585093,1
Paper,Guangzhou,23,1.361727836,3.135494216,0.734361136
Paper,Guangzhou,18,1.255272505,2.890371758,0.79663977
Paper,Guangzhou,95,1.977723605,4.553876892,0.505631827
Paper,Guangzhou,197,2.294466226,5.283203729,0.435831214
Paper,Guangzhou,103,2.012837225,4.634728988,0.496811162
Paper,Guangzhou,4,0.602059991,1.386294361,1.660964047
Paper,Guangzhou,229,2.359835482,5.433722004,0.423758354
Paper,Guangzhou,26,1.414973348,3.258096538,0.706727092
Paper,Guangzhou,46,1.662757832,3.828641396,0.601410489
Paper,Guangzhou,12,1.079181246,2.48490665,0.926628408
Paper,Guangzhou,56,1.748188027,4.025351691,0.572020849
Paper,Guangzhou,26,1.414973348,3.258096538,0.706727092
Paper,Guangzhou,227,2.356025857,5.424950017,0.424443559
Paper,Guangzhou,22,1.342422681,3.091042453,0.74492186
Paper,Guangzhou,19,1.278753601,2.944438979,0.782011483
Paper,Guangzhou,7,0.84509804,1.945910149,1.183294662
Paper,Guangzhou,134,2.127104798,4.8978398,0.470122582
Paper,Guangzhou,26,1.414973348,3.258096538,0.706727092
Paper,Guangzhou,4,0.602059991,1.386294361,1.660964047
Paper,Guangzhou,12.5,1.096910013,2.525728644,0.911651811
Paper,Guangzhou,20.7,1.315970345,3.0301337,0.759895543
Paper,Guangzhou,78.5,1.894869657,4.363098625,0.527740785
Paper,Guangzhou,14.8,1.170261715,2.694627181,0.854509711
Paper,Guangzhou,325.5,2.512550993,5.785362462,0.398001873
Paper,Guangzhou,53,1.72427587,3.970291914,0.579953601
Paper,Guangzhou,55,1.740362689,4.007333185,0.574592874
Paper,Guangzhou,255.5,2.407390904,5.54322241,0.415387463
Paper,Guangzhou,9,0.954242509,2.197224577,1.047951637
Paper,Guangzhou,159,2.201397124,5.068904202,0.454256976
Plastic,Guangzhou,39,1.591064607,3.663561646,0.62850999
Plastic,Guangzhou,46,1.662757832,3.828641396,0.601410489
Plastic,Guangzhou,4,0.602059991,1.386294361,1.660964047
Plastic,Guangzhou,15,1.176091259,2.708050201,0.850274154
Plastic,Guangzhou,2.4,0.380211242,0.875468737,2.630116867
Plastic,Guangzhou,63.5,1.802773725,4.151039906,0.554700785
PET,Guangzhou,4,0.602059991,1.386294361,1.660964047
PET,Guangzhou,5,0.698970004,1.609437912,1.430676558
PET,Guangzhou,4,0.602059991,1.386294361,1.660964047
PET,Guangzhou,19,1.278753601,2.944438979,0.782011483
PET,Guangzhou,78,1.892094603,4.356708827,0.5285148
PET,Guangzhou,8,0.903089987,2.079441542,1.107309365
PET,Guangzhou,30,1.477121255,3.401197382,0.676992493
PET,Guangzhou,14,1.146128036,2.63905733,0.87250287
PET,Guangzhou,7,0.84509804,1.945910149,1.183294662
PET,Guangzhou,12,1.079181246,2.48490665,0.926628408
PET,Guangzhou,8,0.903089987,2.079441542,1.107309365
PET,Guangzhou,16,1.204119983,2.772588722,0.830482024
PET,Guangzhou,59.3,1.773054693,4.082609306,0.563998394
PET,Guangzhou,27,1.431363764,3.295836866,0.698634425
PET,Guangzhou,20,1.301029996,2.995732274,0.768621787
Metal,Guangzhou,26,1.414973348,3.258096538,0.706727092
Metal,Guangzhou,15,1.176091259,2.708050201,0.850274154
Metal,Guangzhou,21,1.322219295,3.044522438,0.756304196
Metal,Guangzhou,7,0.84509804,1.945910149,1.183294662
Metal,Guangzhou,23,1.361727836,3.135494216,0.734361136
Metal,Guangzhou,5,0.698970004,1.609437912,1.430676558
Metal,Guangzhou,18,1.255272505,2.890371758,0.79663977
Metal,Guangzhou,5,0.698970004,1.609437912,1.430676558
Metal,Guangzhou,17,1.230448921,2.833213344,0.812711509
Metal,Guangzhou,6.5,0.812913357,1.871802177,1.230143399
Metal,Guangzhou,119,2.075546961,4.779123493,0.48180071
Metal,Guangzhou,58.5,1.767155866,4.069026754,0.56588104
Total,Guangzhou,38,1.579783597,3.63758616,0.63299809
Total,Guangzhou,98,1.991226076,4.584967479,0.502203146
Total,Guangzhou,214,2.330413773,5.365976015,0.429108346
Total,Guangzhou,4,0.602059991,1.386294361,1.660964047
Total,Guangzhou,27,1.431363764,3.295836866,0.698634425
Total,Guangzhou,10,1,2.302585093,1
Total,Guangzhou,15,1.176091259,2.708050201,0.850274154
Total,Guangzhou,4,0.602059991,1.386294361,1.660964047
Total,Guangzhou,23,1.361727836,3.135494216,0.734361136
Total,Guangzhou,18,1.255272505,2.890371758,0.79663977
Total,Guangzhou,116,2.064457989,4.753590191,0.484388641
Total,Guangzhou,223,2.348304863,5.407171771,0.425839087
Total,Guangzhou,220,2.342422681,5.393627546,0.426908435
Total,Guangzhou,0,0,0,0
Total,Guangzhou,4,0.602059991,1.386294361,1.660964047
Total,Guangzhou,229,2.359835482,5.433722004,0.423758354
Total,Guangzhou,26,1.414973348,3.258096538,0.706727092
Total,Guangzhou,54,1.73239376,3.988984047,0.577235974
Total,Guangzhou,12,1.079181246,2.48490665,0.926628408
Total,Guangzhou,56,1.748188027,4.025351691,0.572020849
Total,Guangzhou,26,1.414973348,3.258096538,0.706727092
Total,Guangzhou,326,2.5132176,5.786897381,0.397896306
Total,Guangzhou,22,1.342422681,3.091042453,0.74492186
Total,Guangzhou,5,0.698970004,1.609437912,1.430676558
Total,Guangzhou,14,1.146128036,2.63905733,0.87250287
Total,Guangzhou,19,1.278753601,2.944438979,0.782011483
Total,Guangzhou,4,0.602059991,1.386294361,1.660964047
Total,Guangzhou,7,0.84509804,1.945910149,1.183294662
Total,Guangzhou,7,0.84509804,1.945910149,1.183294662
Total,Guangzhou,18,1.255272505,2.890371758,0.79663977
Total,Guangzhou,161,2.206825876,5.081404365,0.453139512
Total,Guangzhou,34,1.531478917,3.526360525,0.652963608
Total,Guangzhou,9,0.954242509,2.197224577,1.047951637
Total,Guangzhou,12.5,1.096910013,2.525728644,0.911651811
Total,Guangzhou,17,1.230448921,2.833213344,0.812711509
Total,Guangzhou,20.7,1.315970345,3.0301337,0.759895543
Total,Guangzhou,78.5,1.894869657,4.363098625,0.527740785
Total,Guangzhou,8.9,0.949390007,2.186051277,1.053307906
Total,Guangzhou,133.8,2.126456113,4.896346148,0.470265995
Total,Guangzhou,405,2.607455023,6.003887067,0.383515724
Total,Guangzhou,53,1.72427587,3.970291914,0.579953601
Total,Guangzhou,59.3,1.773054693,4.082609306,0.563998394
Total,Guangzhou,82,1.913813852,4.406719247,0.522516858
Total,Guangzhou,20,1.301029996,2.995732274,0.768621787
Total,Guangzhou,58.5,1.767155866,4.069026754,0.56588104
Total,Guangzhou,255.5,2.407390904,5.54322241,0.415387463
Total,Guangzhou,9,0.954242509,2.197224577,1.047951637
Total,Guangzhou,159,2.201397124,5.068904202,0.454256976